,SR_B1,SR_B2,SR_B3,SR_B4,SR_B5,SR_B6,SR_B7,ST_B10,Sample Measurement
0,0.0812975,0.1030499999999999,0.1433375,0.1778775,0.245555,0.40324,0.3377075,327.08567804,144.0
1,0.0812975,0.1030499999999999,0.1433375,0.1778775,0.245555,0.40324,0.3377075,327.08567804,126.0
2,0.0812975,0.1030499999999999,0.1433375,0.1778775,0.245555,0.40324,0.3377075,327.08567804,90.0
3,0.438275,0.4530975,0.4578,0.4787275,0.5734650000000001,0.5330950000000001,0.4552974999999999,275.64789506,144.0
4,0.438275,0.4530975,0.4578,0.4787275,0.5734650000000001,0.5330950000000001,0.4552974999999999,275.64789506,126.0
5,0.438275,0.4530975,0.4578,0.4787275,0.5734650000000001,0.5330950000000001,0.4552974999999999,275.64789506,90.0
6,0.3297049999999999,0.3360574999999999,0.3300074999999999,0.352695,0.40731,0.36738,0.310345,272.21278496,144.0
7,0.3297049999999999,0.3360574999999999,0.3300074999999999,0.352695,0.40731,0.36738,0.310345,272.21278496,126.0
8,0.3297049999999999,0.3360574999999999,0.3300074999999999,0.352695,0.40731,0.36738,0.310345,272.21278496,90.0
9,0.8771475000000002,0.8725550000000002,0.7851325,0.7722899999999999,0.720205,0.3681775,0.3023975,254.43908096,30.0
10,0.8771475000000002,0.8725550000000002,0.7851325,0.7722899999999999,0.720205,0.3681775,0.3023975,254.43908096,33.0
11,0.8771475000000002,0.8725550000000002,0.7851325,0.7722899999999999,0.720205,0.3681775,0.3023975,254.43908096,32.0
12,0.8771475000000002,0.8725550000000002,0.7851325,0.7722899999999999,0.720205,0.3681775,0.3023975,254.43908096,21.0
13,0.8771475000000002,0.8725550000000002,0.7851325,0.7722899999999999,0.720205,0.3681775,0.3023975,254.43908096,24.0
14,0.8771475000000002,0.8725550000000002,0.7851325,0.7722899999999999,0.720205,0.3681775,0.3023975,254.43908096,22.0
15,0.8771475000000002,0.8725550000000002,0.7851325,0.7722899999999999,0.720205,0.3681775,0.3023975,254.43908096,22.0
16,0.8771475000000002,0.8725550000000002,0.7851325,0.7722899999999999,0.720205,0.3681775,0.3023975,254.43908096,45.0
17,0.8771475000000002,0.8725550000000002,0.7851325,0.7722899999999999,0.720205,0.3681775,0.3023975,254.43908096,21.0
18,0.9168025000000002,0.91859,0.8403525000000001,0.8319100000000001,0.79264,0.46583,0.383275,253.79307518,30.0
19,0.9168025000000002,0.91859,0.8403525000000001,0.8319100000000001,0.79264,0.46583,0.383275,253.79307518,33.0
20,0.9168025000000002,0.91859,0.8403525000000001,0.8319100000000001,0.79264,0.46583,0.383275,253.79307518,32.0
21,0.9168025000000002,0.91859,0.8403525000000001,0.8319100000000001,0.79264,0.46583,0.383275,253.79307518,21.0
22,0.9168025000000002,0.91859,0.8403525000000001,0.8319100000000001,0.79264,0.46583,0.383275,253.79307518,24.0
23,0.9168025000000002,0.91859,0.8403525000000001,0.8319100000000001,0.79264,0.46583,0.383275,253.79307518,22.0
24,0.9168025000000002,0.91859,0.8403525000000001,0.8319100000000001,0.79264,0.46583,0.383275,253.79307518,22.0
25,0.9168025000000002,0.91859,0.8403525000000001,0.8319100000000001,0.79264,0.46583,0.383275,253.79307518,45.0
26,0.9168025000000002,0.91859,0.8403525000000001,0.8319100000000001,0.79264,0.46583,0.383275,253.79307518,21.0
27,0.0046275,0.0104849999999999,0.0409825,0.0226675,0.3554175,0.134015,0.0579775,299.69366576,30.0
28,0.0046275,0.0104849999999999,0.0409825,0.0226675,0.3554175,0.134015,0.0579775,299.69366576,33.0
29,0.0046275,0.0104849999999999,0.0409825,0.0226675,0.3554175,0.134015,0.0579775,299.69366576,32.0
30,0.0046275,0.0104849999999999,0.0409825,0.0226675,0.3554175,0.134015,0.0579775,299.69366576,21.0
31,0.0046275,0.0104849999999999,0.0409825,0.0226675,0.3554175,0.134015,0.0579775,299.69366576,24.0
32,0.0046275,0.0104849999999999,0.0409825,0.0226675,0.3554175,0.134015,0.0579775,299.69366576,22.0
33,0.0046275,0.0104849999999999,0.0409825,0.0226675,0.3554175,0.134015,0.0579775,299.69366576,22.0
34,0.0046275,0.0104849999999999,0.0409825,0.0226675,0.3554175,0.134015,0.0579775,299.69366576,45.0
35,0.0046275,0.0104849999999999,0.0409825,0.0226675,0.3554175,0.134015,0.0579775,299.69366576,21.0
36,0.1284325,0.1513399999999999,0.2323549999999999,0.3182375,0.3997475,0.320795,0.3043499999999999,257.23502132,13.0
37,0.1284325,0.1513399999999999,0.2323549999999999,0.3182375,0.3997475,0.320795,0.3043499999999999,257.23502132,12.0
38,0.1284325,0.1513399999999999,0.2323549999999999,0.3182375,0.3997475,0.320795,0.3043499999999999,257.23502132,12.0
39,0.1115475,0.1497175,0.22559,0.2921125,0.3512925,0.2901875,0.27003,267.46173716,44.0
40,0.1115475,0.1497175,0.22559,0.2921125,0.3512925,0.2901875,0.27003,267.46173716,59.0
41,0.1115475,0.1497175,0.22559,0.2921125,0.3512925,0.2901875,0.27003,267.46173716,55.0
42,0.095625,0.1181749999999999,0.16993,0.2189074999999999,0.29643,0.3329775,0.2878775,291.23406626,44.0
43,0.095625,0.1181749999999999,0.16993,0.2189074999999999,0.29643,0.3329775,0.2878775,291.23406626,59.0
44,0.095625,0.1181749999999999,0.16993,0.2189074999999999,0.29643,0.3329775,0.2878775,291.23406626,55.0
45,0.2261125,0.25265,0.3140025,0.4034325,0.49443,0.3845125,0.3572875,255.66956816,13.0
46,0.2261125,0.25265,0.3140025,0.4034325,0.49443,0.3845125,0.3572875,255.66956816,12.0
47,0.2261125,0.25265,0.3140025,0.4034325,0.49443,0.3845125,0.3572875,255.66956816,12.0
48,0.0247574999999999,0.05168,0.1504599999999999,0.230485,0.3495324999999999,0.268325,0.25364,259.78144622,44.0
49,0.0247574999999999,0.05168,0.1504599999999999,0.230485,0.3495324999999999,0.268325,0.25364,259.78144622,59.0
50,0.0247574999999999,0.05168,0.1504599999999999,0.230485,0.3495324999999999,0.268325,0.25364,259.78144622,55.0
51,0.0837175,0.1151499999999999,0.1861825,0.2257275,0.280645,0.2112899999999999,0.2033424999999999,264.35133896,44.0
52,0.0837175,0.1151499999999999,0.1861825,0.2257275,0.280645,0.2112899999999999,0.2033424999999999,264.35133896,59.0
53,0.0837175,0.1151499999999999,0.1861825,0.2257275,0.280645,0.2112899999999999,0.2033424999999999,264.35133896,55.0
54,0.1163325,0.15607,0.2645025,0.3702399999999999,0.4875,0.4147625,0.368755,258.40056614,13.0
55,0.1163325,0.15607,0.2645025,0.3702399999999999,0.4875,0.4147625,0.368755,258.40056614,12.0
56,0.1163325,0.15607,0.2645025,0.3702399999999999,0.4875,0.4147625,0.368755,258.40056614,12.0
57,0.13495,0.1575825,0.25221,0.3251949999999999,0.484915,0.3528874999999999,0.3074575,254.18614748,44.0
58,0.13495,0.1575825,0.25221,0.3251949999999999,0.484915,0.3528874999999999,0.3074575,254.18614748,59.0
59,0.13495,0.1575825,0.25221,0.3251949999999999,0.484915,0.3528874999999999,0.3074575,254.18614748,55.0
60,0.196605,0.214645,0.275365,0.3272299999999999,0.42205,0.252045,0.2258375,251.92341824,44.0
61,0.196605,0.214645,0.275365,0.3272299999999999,0.42205,0.252045,0.2258375,251.92341824,59.0
62,0.196605,0.214645,0.275365,0.3272299999999999,0.42205,0.252045,0.2258375,251.92341824,55.0
63,0.142595,0.1619,0.1878874999999999,0.1934975,0.3312449999999999,0.053495,0.0330624999999999,274.58147282,35.0
64,0.142595,0.1619,0.1878874999999999,0.1934975,0.3312449999999999,0.053495,0.0330624999999999,274.58147282,31.0
65,0.142595,0.1619,0.1878874999999999,0.1934975,0.3312449999999999,0.053495,0.0330624999999999,274.58147282,52.0
66,0.142595,0.1619,0.1878874999999999,0.1934975,0.3312449999999999,0.053495,0.0330624999999999,274.58147282,32.0
67,0.142595,0.1619,0.1878874999999999,0.1934975,0.3312449999999999,0.053495,0.0330624999999999,274.58147282,39.0
68,0.142595,0.1619,0.1878874999999999,0.1934975,0.3312449999999999,0.053495,0.0330624999999999,274.58147282,24.0
69,0.064935,0.0853674999999999,0.1228225,0.1565375,0.1932775,0.2026,0.1584625,290.80339574,35.0
70,0.064935,0.0853674999999999,0.1228225,0.1565375,0.1932775,0.2026,0.1584625,290.80339574,31.0
71,0.064935,0.0853674999999999,0.1228225,0.1565375,0.1932775,0.2026,0.1584625,290.80339574,52.0
72,0.064935,0.0853674999999999,0.1228225,0.1565375,0.1932775,0.2026,0.1584625,290.80339574,32.0
73,0.064935,0.0853674999999999,0.1228225,0.1565375,0.1932775,0.2026,0.1584625,290.80339574,39.0
74,0.064935,0.0853674999999999,0.1228225,0.1565375,0.1932775,0.2026,0.1584625,290.80339574,24.0
75,0.0443925,0.059105,0.0865225,0.1133624999999999,0.1839549999999999,0.1738624999999999,0.132805,286.12070834,32.0
76,0.0443925,0.059105,0.0865225,0.1133624999999999,0.1839549999999999,0.1738624999999999,0.132805,286.12070834,39.0
77,0.0443925,0.059105,0.0865225,0.1133624999999999,0.1839549999999999,0.1738624999999999,0.132805,286.12070834,24.0
78,0.0511575,0.0709299999999999,0.10426,0.1382225,0.1917375,0.2319975,0.1677575,279.91700204,35.0
79,0.0511575,0.0709299999999999,0.10426,0.1382225,0.1917375,0.2319975,0.1677575,279.91700204,31.0
80,0.0511575,0.0709299999999999,0.10426,0.1382225,0.1917375,0.2319975,0.1677575,279.91700204,52.0
81,0.0511575,0.0709299999999999,0.10426,0.1382225,0.1917375,0.2319975,0.1677575,279.91700204,32.0
82,0.0511575,0.0709299999999999,0.10426,0.1382225,0.1917375,0.2319975,0.1677575,279.91700204,39.0
83,0.0511575,0.0709299999999999,0.10426,0.1382225,0.1917375,0.2319975,0.1677575,279.91700204,24.0
84,0.1203475,0.1426775,0.1717449999999999,0.2016375,0.2239674999999999,0.1519174999999999,0.106735,279.7905353,35.0
85,0.1203475,0.1426775,0.1717449999999999,0.2016375,0.2239674999999999,0.1519174999999999,0.106735,279.7905353,31.0
86,0.1203475,0.1426775,0.1717449999999999,0.2016375,0.2239674999999999,0.1519174999999999,0.106735,279.7905353,52.0
87,0.1203475,0.1426775,0.1717449999999999,0.2016375,0.2239674999999999,0.1519174999999999,0.106735,279.7905353,32.0
88,0.1203475,0.1426775,0.1717449999999999,0.2016375,0.2239674999999999,0.1519174999999999,0.106735,279.7905353,39.0
89,0.1203475,0.1426775,0.1717449999999999,0.2016375,0.2239674999999999,0.1519174999999999,0.106735,279.7905353,24.0
90,0.040075,0.0569325,0.08127,0.1051125,0.1392125,0.1624499999999999,0.14287,287.21789276,32.0
91,0.040075,0.0569325,0.08127,0.1051125,0.1392125,0.1624499999999999,0.14287,287.21789276,39.0
92,0.040075,0.0569325,0.08127,0.1051125,0.1392125,0.1624499999999999,0.14287,287.21789276,24.0
93,0.3713675,0.3800024999999999,0.42711,0.4605499999999999,0.5388975,0.35715,0.3247275,251.04840512,5.0
94,0.3713675,0.3800024999999999,0.42711,0.4605499999999999,0.5388975,0.35715,0.3247275,251.04840512,5.0
95,0.3713675,0.3800024999999999,0.42711,0.4605499999999999,0.5388975,0.35715,0.3247275,251.04840512,0.0
96,0.5462674999999999,0.56395,0.5724199999999999,0.6023675,0.6234325000000001,0.4021674999999999,0.3829725,240.9960083,5.0
97,0.5462674999999999,0.56395,0.5724199999999999,0.6023675,0.6234325000000001,0.4021674999999999,0.3829725,240.9960083,5.0
98,0.5462674999999999,0.56395,0.5724199999999999,0.6023675,0.6234325000000001,0.4021674999999999,0.3829725,240.9960083,0.0
99,1.28005,1.3033425,1.2321175000000002,1.2457575,1.1427425,0.1201275,0.16575,247.53468056,11.0
100,1.28005,1.3033425,1.2321175000000002,1.2457575,1.1427425,0.1201275,0.16575,247.53468056,7.0
101,1.28005,1.3033425,1.2321175000000002,1.2457575,1.1427425,0.1201275,0.16575,247.53468056,0.0
102,1.4591850000000002,1.4955675000000002,1.4591850000000002,1.4918825,1.4011600000000002,0.1919575,0.234995,245.16941072,11.0
103,1.4591850000000002,1.4955675000000002,1.4591850000000002,1.4918825,1.4011600000000002,0.1919575,0.234995,245.16941072,7.0
104,1.4591850000000002,1.4955675000000002,1.4591850000000002,1.4918825,1.4011600000000002,0.1919575,0.234995,245.16941072,0.0
105,0.0653475,0.078465,0.1163325,0.1409174999999999,0.21591,0.284495,0.2146175,319.66173860000004,11.0
106,0.0653475,0.078465,0.1163325,0.1409174999999999,0.21591,0.284495,0.2146175,319.66173860000004,7.0
107,0.0653475,0.078465,0.1163325,0.1409174999999999,0.21591,0.284495,0.2146175,319.66173860000004,0.0
108,1.29743,1.3118675000000002,1.234565,1.24177,1.1300375,0.1194675,0.16157,246.97412528,11.0
109,1.29743,1.3118675000000002,1.234565,1.24177,1.1300375,0.1194675,0.16157,246.97412528,7.0
110,1.29743,1.3118675000000002,1.234565,1.24177,1.1300375,0.1194675,0.16157,246.97412528,0.0
111,1.46562,1.501425,1.462045,1.4905350000000002,1.402865,0.2191825,0.2598825,242.81439494,11.0
112,1.46562,1.501425,1.462045,1.4905350000000002,1.402865,0.2191825,0.2598825,242.81439494,7.0
113,1.46562,1.501425,1.462045,1.4905350000000002,1.402865,0.2191825,0.2598825,242.81439494,0.0
114,1.3358475,1.359525,1.2928650000000002,1.3054325,1.2018125000000002,0.1684999999999999,0.2143975,242.70160028,11.0
115,1.3358475,1.359525,1.2928650000000002,1.3054325,1.2018125000000002,0.1684999999999999,0.2143975,242.70160028,7.0
116,1.3358475,1.359525,1.2928650000000002,1.3054325,1.2018125000000002,0.1684999999999999,0.2143975,242.70160028,0.0
117,1.3654375,1.386695,1.3173125,1.3361500000000002,1.23649,0.1668775,0.207055,244.94040338,11.0
118,1.3654375,1.386695,1.3173125,1.3361500000000002,1.23649,0.1668775,0.207055,244.94040338,7.0
119,1.3654375,1.386695,1.3173125,1.3361500000000002,1.23649,0.1668775,0.207055,244.94040338,0.0
120,1.2805175000000002,1.297155,1.2277175,1.2439975,1.1410375,0.11548,0.165145,244.3798481,11.0
121,1.2805175000000002,1.297155,1.2277175,1.2439975,1.1410375,0.11548,0.165145,244.3798481,7.0
122,1.2805175000000002,1.297155,1.2277175,1.2439975,1.1410375,0.11548,0.165145,244.3798481,0.0
123,1.37234,1.3934875000000002,1.3278175,1.3404125,1.2323375,0.18753,0.22768,242.90326346,11.0
124,1.37234,1.3934875000000002,1.3278175,1.3404125,1.2323375,0.18753,0.22768,242.90326346,7.0
125,1.37234,1.3934875000000002,1.3278175,1.3404125,1.2323375,0.18753,0.22768,242.90326346,0.0
126,1.070445,1.1147475,1.091785,1.1187900000000002,0.9988075,0.1048374999999999,0.1171025,251.59528832,24.3
127,1.070445,1.1147475,1.091785,1.1187900000000002,0.9988075,0.1048374999999999,0.1171025,251.59528832,27.5
128,1.070445,1.1147475,1.091785,1.1187900000000002,0.9988075,0.1048374999999999,0.1171025,251.59528832,24.8
129,0.9908050000000002,1.0203675,0.969135,0.9886050000000002,0.901265,0.130825,0.1393499999999999,248.37551348,24.3
130,0.9908050000000002,1.0203675,0.969135,0.9886050000000002,0.901265,0.130825,0.1393499999999999,248.37551348,27.5
131,0.9908050000000002,1.0203675,0.969135,0.9886050000000002,0.901265,0.130825,0.1393499999999999,248.37551348,24.8
132,0.0207974999999999,0.02407,0.05047,0.0351525,0.3734575,0.1717725,0.0755224999999999,309.39742454,24.3
133,0.0207974999999999,0.02407,0.05047,0.0351525,0.3734575,0.1717725,0.0755224999999999,309.39742454,27.5
134,0.0207974999999999,0.02407,0.05047,0.0351525,0.3734575,0.1717725,0.0755224999999999,309.39742454,24.8
135,0.8542400000000001,0.8779725,0.846595,0.8616650000000001,0.76492,0.0375999999999999,0.0651824999999999,255.82679708,24.3
136,0.8542400000000001,0.8779725,0.846595,0.8616650000000001,0.76492,0.0375999999999999,0.0651824999999999,255.82679708,27.5
137,0.8542400000000001,0.8779725,0.846595,0.8616650000000001,0.76492,0.0375999999999999,0.0651824999999999,255.82679708,24.8
138,0.9961950000000002,1.04278,0.9820600000000002,0.995535,0.8878175000000001,0.0832775,0.0962025,256.70522822,24.3
139,0.9961950000000002,1.04278,0.9820600000000002,0.995535,0.8878175000000001,0.0832775,0.0962025,256.70522822,27.5
140,0.9961950000000002,1.04278,0.9820600000000002,0.995535,0.8878175000000001,0.0832775,0.0962025,256.70522822,24.8
141,1.0283425000000002,1.06313,0.9905575,1.0075525,0.9289850000000002,0.1336025,0.137315,251.15094572,24.3
142,1.0283425000000002,1.06313,0.9905575,1.0075525,0.9289850000000002,0.1336025,0.137315,251.15094572,27.5
143,1.0283425000000002,1.06313,0.9905575,1.0075525,0.9289850000000002,0.1336025,0.137315,251.15094572,24.8
144,0.61521,0.6543425,0.6806875000000001,0.7536450000000001,0.7592825000000001,0.0626525,0.0737074999999999,259.77119216,24.3
145,0.61521,0.6543425,0.6806875000000001,0.7536450000000001,0.7592825000000001,0.0626525,0.0737074999999999,259.77119216,27.5
146,0.61521,0.6543425,0.6806875000000001,0.7536450000000001,0.7592825000000001,0.0626525,0.0737074999999999,259.77119216,24.8
147,0.9666875,0.988385,0.9341000000000002,0.9361350000000002,0.8142,0.0496449999999999,0.0746149999999999,257.27945558,24.3
148,0.9666875,0.988385,0.9341000000000002,0.9361350000000002,0.8142,0.0496449999999999,0.0746149999999999,257.27945558,27.5
149,0.9666875,0.988385,0.9341000000000002,0.9361350000000002,0.8142,0.0496449999999999,0.0746149999999999,257.27945558,24.8
150,0.5825400000000001,0.6002775,0.5984075,0.6295925,0.6141650000000001,0.2395875,0.227185,251.73884516,24.3
151,0.5825400000000001,0.6002775,0.5984075,0.6295925,0.6141650000000001,0.2395875,0.227185,251.73884516,27.5
152,0.5825400000000001,0.6002775,0.5984075,0.6295925,0.6141650000000001,0.2395875,0.227185,251.73884516,24.8
153,-0.0840875,-0.0607125,0.0287725,0.1160574999999999,0.303855,0.2866675,0.2264975,261.5724887,47.0
154,-0.0840875,-0.0607125,0.0287725,0.1160574999999999,0.303855,0.2866675,0.2264975,261.5724887,48.0
155,-0.0840875,-0.0607125,0.0287725,0.1160574999999999,0.303855,0.2866675,0.2264975,261.5724887,51.0
156,0.0117499999999999,0.0159574999999999,0.03375,0.0236025,0.381735,0.1370124999999999,0.05685,307.00481054,47.0
157,0.0117499999999999,0.0159574999999999,0.03375,0.0236025,0.381735,0.1370124999999999,0.05685,307.00481054,48.0
158,0.0117499999999999,0.0159574999999999,0.03375,0.0236025,0.381735,0.1370124999999999,0.05685,307.00481054,51.0
159,-0.1948575,-0.1231375,0.03419,0.18016,0.412205,0.3363875,0.2409625,265.54764596,47.0
160,-0.1948575,-0.1231375,0.03419,0.18016,0.412205,0.3363875,0.2409625,265.54764596,48.0
161,-0.1948575,-0.1231375,0.03419,0.18016,0.412205,0.3363875,0.2409625,265.54764596,51.0
162,0.0634775,0.0982649999999999,0.153045,0.2043599999999999,0.3146625,0.319915,0.2262225,271.40955026,47.0
163,0.0634775,0.0982649999999999,0.153045,0.2043599999999999,0.3146625,0.319915,0.2262225,271.40955026,48.0
164,0.0634775,0.0982649999999999,0.153045,0.2043599999999999,0.3146625,0.319915,0.2262225,271.40955026,51.0
165,-0.14819,-0.072565,0.084845,0.2322725,0.4365975,0.344225,0.2445925,265.97489846,47.0
166,-0.14819,-0.072565,0.084845,0.2322725,0.4365975,0.344225,0.2445925,265.97489846,48.0
167,-0.14819,-0.072565,0.084845,0.2322725,0.4365975,0.344225,0.2445925,265.97489846,51.0
168,-0.14819,-0.072565,0.084845,0.2322725,0.4365975,0.344225,0.2445925,265.97489846,35.0
169,-0.14819,-0.072565,0.084845,0.2322725,0.4365975,0.344225,0.2445925,265.97489846,36.0
170,-0.14819,-0.072565,0.084845,0.2322725,0.4365975,0.344225,0.2445925,265.97489846,37.0
171,0.0498925,0.08556,0.1435575,0.182085,0.3115,0.2912325,0.2063674999999999,267.65998232,47.0
172,0.0498925,0.08556,0.1435575,0.182085,0.3115,0.2912325,0.2063674999999999,267.65998232,48.0
173,0.0498925,0.08556,0.1435575,0.182085,0.3115,0.2912325,0.2063674999999999,267.65998232,51.0
174,0.0498925,0.08556,0.1435575,0.182085,0.3115,0.2912325,0.2063674999999999,267.65998232,35.0
175,0.0498925,0.08556,0.1435575,0.182085,0.3115,0.2912325,0.2063674999999999,267.65998232,36.0
176,0.0498925,0.08556,0.1435575,0.182085,0.3115,0.2912325,0.2063674999999999,267.65998232,37.0
177,0.0353175,0.0491224999999999,0.10514,0.0952124999999999,0.3160925,0.230485,0.1708374999999999,286.61290322,27.0
178,0.0353175,0.0491224999999999,0.10514,0.0952124999999999,0.3160925,0.230485,0.1708374999999999,286.61290322,35.0
179,0.0353175,0.0491224999999999,0.10514,0.0952124999999999,0.3160925,0.230485,0.1708374999999999,286.61290322,41.0
180,0.0353175,0.0491224999999999,0.10514,0.0952124999999999,0.3160925,0.230485,0.1708374999999999,286.61290322,28.0
181,0.0353175,0.0491224999999999,0.10514,0.0952124999999999,0.3160925,0.230485,0.1708374999999999,286.61290322,34.0
182,0.0353175,0.0491224999999999,0.10514,0.0952124999999999,0.3160925,0.230485,0.1708374999999999,286.61290322,38.0
183,0.0472799999999999,0.0850925,0.1439425,0.1886574999999999,0.30204,0.298245,0.2152224999999999,266.06376698,27.0
184,0.0472799999999999,0.0850925,0.1439425,0.1886574999999999,0.30204,0.298245,0.2152224999999999,266.06376698,35.0
185,0.0472799999999999,0.0850925,0.1439425,0.1886574999999999,0.30204,0.298245,0.2152224999999999,266.06376698,41.0
186,0.0472799999999999,0.0850925,0.1439425,0.1886574999999999,0.30204,0.298245,0.2152224999999999,266.06376698,28.0
187,0.0472799999999999,0.0850925,0.1439425,0.1886574999999999,0.30204,0.298245,0.2152224999999999,266.06376698,34.0
188,0.0472799999999999,0.0850925,0.1439425,0.1886574999999999,0.30204,0.298245,0.2152224999999999,266.06376698,38.0
189,0.8164825,0.8135950000000001,0.744075,0.7389875000000001,0.7280975000000001,0.424855,0.3432075,254.85266138,40.1
190,0.8164825,0.8135950000000001,0.744075,0.7389875000000001,0.7280975000000001,0.424855,0.3432075,254.85266138,30.1
191,0.8164825,0.8135950000000001,0.744075,0.7389875000000001,0.7280975000000001,0.424855,0.3432075,254.85266138,29.5
192,0.9545875,0.95016,0.8940050000000002,0.8845450000000001,0.8531950000000001,0.4368725,0.377555,234.18047642,40.1
193,0.9545875,0.95016,0.8940050000000002,0.8845450000000001,0.8531950000000001,0.4368725,0.377555,234.18047642,30.1
194,0.9545875,0.95016,0.8940050000000002,0.8845450000000001,0.8531950000000001,0.4368725,0.377555,234.18047642,29.5
195,0.5826500000000001,0.6094900000000001,0.5336725,0.567415,0.6345149999999999,0.5110950000000001,0.44229,262.89184442,40.1
196,0.5826500000000001,0.6094900000000001,0.5336725,0.567415,0.6345149999999999,0.5110950000000001,0.44229,262.89184442,30.1
197,0.5826500000000001,0.6094900000000001,0.5336725,0.567415,0.6345149999999999,0.5110950000000001,0.44229,262.89184442,29.5
198,0.7028525000000001,0.7017525,0.6310775,0.6358349999999999,0.6422700000000001,0.3802775,0.2866675,269.41342658,40.1
199,0.7028525000000001,0.7017525,0.6310775,0.6358349999999999,0.6422700000000001,0.3802775,0.2866675,269.41342658,30.1
200,0.7028525000000001,0.7017525,0.6310775,0.6358349999999999,0.6422700000000001,0.3802775,0.2866675,269.41342658,29.5
201,0.8658175000000001,0.8615825000000001,0.7849950000000001,0.7710524999999999,0.746605,0.4378074999999999,0.3462875,263.34302306,40.1
202,0.8658175000000001,0.8615825000000001,0.7849950000000001,0.7710524999999999,0.746605,0.4378074999999999,0.3462875,263.34302306,30.1
203,0.8658175000000001,0.8615825000000001,0.7849950000000001,0.7710524999999999,0.746605,0.4378074999999999,0.3462875,263.34302306,29.5
204,0.9971025,0.9960300000000002,0.928435,0.918535,0.8809150000000001,0.49025,0.3793975,252.27205628,40.1
205,0.9971025,0.9960300000000002,0.928435,0.918535,0.8809150000000001,0.49025,0.3793975,252.27205628,30.1
206,0.9971025,0.9960300000000002,0.928435,0.918535,0.8809150000000001,0.49025,0.3793975,252.27205628,29.5
207,0.4424825,0.4365975,0.3985924999999999,0.4073374999999999,0.44658,0.3245349999999999,0.24539,279.73242896,18.0
208,0.4424825,0.4365975,0.3985924999999999,0.4073374999999999,0.44658,0.3245349999999999,0.24539,279.73242896,21.0
209,0.4424825,0.4365975,0.3985924999999999,0.4073374999999999,0.44658,0.3245349999999999,0.24539,279.73242896,17.0
210,0.308035,0.3125725,0.35308,0.3534375,0.429365,0.3381475,0.25958,279.22998002,18.0
211,0.308035,0.3125725,0.35308,0.3534375,0.429365,0.3381475,0.25958,279.22998002,21.0
212,0.308035,0.3125725,0.35308,0.3534375,0.429365,0.3381475,0.25958,279.22998002,17.0
213,0.0502225,0.053605,0.0831399999999999,0.0717275,0.1780975,0.1734775,0.1448225,281.25002984,18.0
214,0.0502225,0.053605,0.0831399999999999,0.0717275,0.1780975,0.1734775,0.1448225,281.25002984,21.0
215,0.0502225,0.053605,0.0831399999999999,0.0717275,0.1780975,0.1734775,0.1448225,281.25002984,17.0
216,0.154585,0.1557124999999999,0.1965775,0.2210524999999999,0.3456825,0.1799124999999999,0.1688575,252.3096545,23.0
217,0.154585,0.1557124999999999,0.1965775,0.2210524999999999,0.3456825,0.1799124999999999,0.1688575,252.3096545,18.0
218,0.154585,0.1557124999999999,0.1965775,0.2210524999999999,0.3456825,0.1799124999999999,0.1688575,252.3096545,13.0
219,0.052395,0.07082,0.11581,0.1296149999999999,0.22977,0.128845,0.101895,269.09555072,23.0
220,0.052395,0.07082,0.11581,0.1296149999999999,0.22977,0.128845,0.101895,269.09555072,18.0
221,0.052395,0.07082,0.11581,0.1296149999999999,0.22977,0.128845,0.101895,269.09555072,13.0
222,0.1373424999999999,0.136985,0.194735,0.214865,0.392625,0.19226,0.16751,253.5230516,23.0
223,0.1373424999999999,0.136985,0.194735,0.214865,0.392625,0.19226,0.16751,253.5230516,18.0
224,0.1373424999999999,0.136985,0.194735,0.214865,0.392625,0.19226,0.16751,253.5230516,13.0
225,-0.040445,-0.0358525,0.0934249999999999,0.1145999999999999,0.2649425,0.1817,0.1668224999999999,263.79761972,23.0
226,-0.040445,-0.0358525,0.0934249999999999,0.1145999999999999,0.2649425,0.1817,0.1668224999999999,263.79761972,18.0
227,-0.040445,-0.0358525,0.0934249999999999,0.1145999999999999,0.2649425,0.1817,0.1668224999999999,263.79761972,13.0
228,0.0414775,0.0574824999999999,0.1188624999999999,0.1146825,0.3334175,0.2057075,0.167785,256.29848384,17.0
229,0.0414775,0.0574824999999999,0.1188624999999999,0.1146825,0.3334175,0.2057075,0.167785,256.29848384,20.0
230,0.0414775,0.0574824999999999,0.1188624999999999,0.1146825,0.3334175,0.2057075,0.167785,256.29848384,20.0
231,0.2087875,0.2056525,0.2371675,0.2612025,0.422435,0.21349,0.1934975,244.67379782,17.0
232,0.2087875,0.2056525,0.2371675,0.2612025,0.422435,0.21349,0.1934975,244.67379782,20.0
233,0.2087875,0.2056525,0.2371675,0.2612025,0.422435,0.21349,0.1934975,244.67379782,20.0
234,0.2684075,0.26563,0.27751,0.2972275,0.4255425,0.2075775,0.1949274999999999,244.6703798,17.0
235,0.2684075,0.26563,0.27751,0.2972275,0.4255425,0.2075775,0.1949274999999999,244.6703798,20.0
236,0.2684075,0.26563,0.27751,0.2972275,0.4255425,0.2075775,0.1949274999999999,244.6703798,20.0
237,0.00878,0.009055,0.0948,0.12978,0.347745,0.2078525,0.1694625,255.61487984,17.0
238,0.00878,0.009055,0.0948,0.12978,0.347745,0.2078525,0.1694625,255.61487984,20.0
239,0.00878,0.009055,0.0948,0.12978,0.347745,0.2078525,0.1694625,255.61487984,20.0
240,0.3093825,0.3024524999999999,0.3232425,0.3366075,0.4937149999999999,0.24275,0.22031,241.8163331,17.0
241,0.3093825,0.3024524999999999,0.3232425,0.3366075,0.4937149999999999,0.24275,0.22031,241.8163331,20.0
242,0.3093825,0.3024524999999999,0.3232425,0.3366075,0.4937149999999999,0.24275,0.22031,241.8163331,20.0
243,0.2527875,0.245005,0.28015,0.2939825,0.4281824999999999,0.2116475,0.1992999999999999,243.91157936,17.0
244,0.2527875,0.245005,0.28015,0.2939825,0.4281824999999999,0.2116475,0.1992999999999999,243.91157936,20.0
245,0.2527875,0.245005,0.28015,0.2939825,0.4281824999999999,0.2116475,0.1992999999999999,243.91157936,20.0
246,0.2648325,0.2641725,0.2869425,0.299345,0.38938,0.2134349999999999,0.2046075,244.7387402,17.0
247,0.2648325,0.2641725,0.2869425,0.299345,0.38938,0.2134349999999999,0.2046075,244.7387402,20.0
248,0.2648325,0.2641725,0.2869425,0.299345,0.38938,0.2134349999999999,0.2046075,244.7387402,20.0
249,0.0658425,0.06334,0.1224925,0.1503775,0.3907275,0.2279824999999999,0.182745,252.89755394,17.0
250,0.0658425,0.06334,0.1224925,0.1503775,0.3907275,0.2279824999999999,0.182745,252.89755394,20.0
251,0.0658425,0.06334,0.1224925,0.1503775,0.3907275,0.2279824999999999,0.182745,252.89755394,20.0
252,0.1902525,0.1845875,0.2376075,0.2516875,0.4872525,0.2453075,0.206945,247.5073364,17.0
253,0.1902525,0.1845875,0.2376075,0.2516875,0.4872525,0.2453075,0.206945,247.5073364,20.0
254,0.1902525,0.1845875,0.2376075,0.2516875,0.4872525,0.2453075,0.206945,247.5073364,20.0
255,0.2092824999999999,0.204855,0.2380475,0.263485,0.416825,0.21536,0.1956425,248.0371295,17.0
256,0.2092824999999999,0.204855,0.2380475,0.263485,0.416825,0.21536,0.1956425,248.0371295,20.0
257,0.2092824999999999,0.204855,0.2380475,0.263485,0.416825,0.21536,0.1956425,248.0371295,20.0
258,0.2255075,0.229385,0.2524575,0.272835,0.4046424999999999,0.2044425,0.1915724999999999,245.04978002,17.0
259,0.2255075,0.229385,0.2524575,0.272835,0.4046424999999999,0.2044425,0.1915724999999999,245.04978002,20.0
260,0.2255075,0.229385,0.2524575,0.272835,0.4046424999999999,0.2044425,0.1915724999999999,245.04978002,20.0
261,0.0044075,0.0068824999999999,0.112895,0.1179824999999999,0.39972,0.2370575,0.180215,257.5734053,17.0
262,0.0044075,0.0068824999999999,0.112895,0.1179824999999999,0.39972,0.2370575,0.180215,257.5734053,20.0
263,0.0044075,0.0068824999999999,0.112895,0.1179824999999999,0.39972,0.2370575,0.180215,257.5734053,20.0
264,0.0334474999999999,0.0348225,0.1010975,0.1448225,0.3460125,0.2066974999999999,0.17257,255.67982222,17.0
265,0.0334474999999999,0.0348225,0.1010975,0.1448225,0.3460125,0.2066974999999999,0.17257,255.67982222,20.0
266,0.0334474999999999,0.0348225,0.1010975,0.1448225,0.3460125,0.2066974999999999,0.17257,255.67982222,20.0
267,0.131155,0.133905,0.1813975,0.2097775,0.4005175,0.21261,0.1828,250.16313794,17.0
268,0.131155,0.133905,0.1813975,0.2097775,0.4005175,0.21261,0.1828,250.16313794,20.0
269,0.131155,0.133905,0.1813975,0.2097775,0.4005175,0.21261,0.1828,250.16313794,20.0
270,0.176475,0.17411,0.2128025,0.23659,0.393395,0.2079625,0.1884374999999999,248.71731548,17.0
271,0.176475,0.17411,0.2128025,0.23659,0.393395,0.2079625,0.1884374999999999,248.71731548,20.0
272,0.176475,0.17411,0.2128025,0.23659,0.393395,0.2079625,0.1884374999999999,248.71731548,20.0
273,0.0239874999999999,0.03584,0.1057724999999999,0.0800049999999999,0.21756,0.1464725,0.131705,259.21063688,17.0
274,0.0239874999999999,0.03584,0.1057724999999999,0.0800049999999999,0.21756,0.1464725,0.131705,259.21063688,20.0
275,0.0239874999999999,0.03584,0.1057724999999999,0.0800049999999999,0.21756,0.1464725,0.131705,259.21063688,20.0
276,0.0492874999999999,0.0574549999999999,0.1447675,0.1617075,0.3632,0.2065325,0.1740275,253.62901022,17.0
277,0.0492874999999999,0.0574549999999999,0.1447675,0.1617075,0.3632,0.2065325,0.1740275,253.62901022,20.0
278,0.0492874999999999,0.0574549999999999,0.1447675,0.1617075,0.3632,0.2065325,0.1740275,253.62901022,20.0
279,0.1323925,0.13363,0.1807375,0.2135725,0.3702675,0.202985,0.1807925,251.62946852,17.0
280,0.1323925,0.13363,0.1807375,0.2135725,0.3702675,0.202985,0.1807925,251.62946852,20.0
281,0.1323925,0.13363,0.1807375,0.2135725,0.3702675,0.202985,0.1807925,251.62946852,20.0
282,0.13451,0.1338774999999999,0.1784275,0.1988875,0.3303925,0.199685,0.18775,252.22762202,17.0
283,0.13451,0.1338774999999999,0.1784275,0.1988875,0.3303925,0.199685,0.18775,252.22762202,20.0
284,0.13451,0.1338774999999999,0.1784275,0.1988875,0.3303925,0.199685,0.18775,252.22762202,20.0
285,0.0215124999999999,0.030615,0.05575,0.0600125,0.21305,0.17642,0.09909,283.94001158000003,23.0
286,0.0215124999999999,0.030615,0.05575,0.0600125,0.21305,0.17642,0.09909,283.94001158000003,18.0
287,0.0215124999999999,0.030615,0.05575,0.0600125,0.21305,0.17642,0.09909,283.94001158000003,13.0
288,-0.0997625,-0.072235,0.030615,0.0081475,0.2901875,0.2136825,0.1542549999999999,267.94025996,17.0
289,-0.0997625,-0.072235,0.030615,0.0081475,0.2901875,0.2136825,0.1542549999999999,267.94025996,20.0
290,-0.0997625,-0.072235,0.030615,0.0081475,0.2901875,0.2136825,0.1542549999999999,267.94025996,20.0
291,-0.1102125,-0.0894225,0.0240424999999999,0.0086149999999999,0.2267175,0.1889875,0.1488375,261.36398948,17.0
292,-0.1102125,-0.0894225,0.0240424999999999,0.0086149999999999,0.2267175,0.1889875,0.1488375,261.36398948,20.0
293,-0.1102125,-0.0894225,0.0240424999999999,0.0086149999999999,0.2267175,0.1889875,0.1488375,261.36398948,20.0
294,0.1275525,0.1242524999999999,0.17686,0.2051025,0.3791225,0.2040575,0.181645,250.8228158,17.0
295,0.1275525,0.1242524999999999,0.17686,0.2051025,0.3791225,0.2040575,0.181645,250.8228158,20.0
296,0.1275525,0.1242524999999999,0.17686,0.2051025,0.3791225,0.2040575,0.181645,250.8228158,20.0
297,0.0233825,0.0250874999999999,0.0872649999999999,0.11581,0.3108125,0.1864575,0.1597,257.75456036,17.0
298,0.0233825,0.0250874999999999,0.0872649999999999,0.11581,0.3108125,0.1864575,0.1597,257.75456036,20.0
299,0.0233825,0.0250874999999999,0.0872649999999999,0.11581,0.3108125,0.1864575,0.1597,257.75456036,20.0
300,0.0201099999999999,0.0239324999999999,0.03298,0.0430724999999999,0.13715,0.14155,0.0866049999999999,284.67488588000003,23.0
301,0.0201099999999999,0.0239324999999999,0.03298,0.0430724999999999,0.13715,0.14155,0.0866049999999999,284.67488588000003,18.0
302,0.0201099999999999,0.0239324999999999,0.03298,0.0430724999999999,0.13715,0.14155,0.0866049999999999,284.67488588000003,13.0
303,0.0014649999999999,0.0277,0.088475,0.09799,0.2397524999999999,0.14045,0.102005,268.56917564,17.0
304,0.0014649999999999,0.0277,0.088475,0.09799,0.2397524999999999,0.14045,0.102005,268.56917564,20.0
305,0.0014649999999999,0.0277,0.088475,0.09799,0.2397524999999999,0.14045,0.102005,268.56917564,20.0
306,0.0237674999999999,0.0408999999999999,0.0885024999999999,0.1047,0.2765475,0.1807925,0.1176249999999999,274.50627638000003,17.0
307,0.0237674999999999,0.0408999999999999,0.0885024999999999,0.1047,0.2765475,0.1807925,0.1176249999999999,274.50627638000003,20.0
308,0.0237674999999999,0.0408999999999999,0.0885024999999999,0.1047,0.2765475,0.1807925,0.1176249999999999,274.50627638000003,20.0
309,0.0233275,0.0306424999999999,0.0966425,0.1340974999999999,0.3142775,0.200675,0.1716625,253.95372212,17.0
310,0.0233275,0.0306424999999999,0.0966425,0.1340974999999999,0.3142775,0.200675,0.1716625,253.95372212,20.0
311,0.0233275,0.0306424999999999,0.0966425,0.1340974999999999,0.3142775,0.200675,0.1716625,253.95372212,20.0
312,-0.03368,-0.0197374999999999,0.073515,0.0550899999999999,0.23813,0.1579125,0.1416325,258.09294434000003,17.0
313,-0.03368,-0.0197374999999999,0.073515,0.0550899999999999,0.23813,0.1579125,0.1416325,258.09294434000003,20.0
314,-0.03368,-0.0197374999999999,0.073515,0.0550899999999999,0.23813,0.1579125,0.1416325,258.09294434000003,20.0
315,0.0143899999999999,0.0293225,0.0847074999999999,0.0901799999999999,0.2708825,0.175265,0.1361325,263.64722684000003,17.0
316,0.0143899999999999,0.0293225,0.0847074999999999,0.0901799999999999,0.2708825,0.175265,0.1361325,263.64722684000003,20.0
317,0.0143899999999999,0.0293225,0.0847074999999999,0.0901799999999999,0.2708825,0.175265,0.1361325,263.64722684000003,20.0
318,0.0092474999999999,0.0267099999999999,0.0601774999999999,0.07346,0.17114,0.1310724999999999,0.09205,269.1775832,17.0
319,0.0092474999999999,0.0267099999999999,0.0601774999999999,0.07346,0.17114,0.1310724999999999,0.09205,269.1775832,20.0
320,0.0092474999999999,0.0267099999999999,0.0601774999999999,0.07346,0.17114,0.1310724999999999,0.09205,269.1775832,20.0
321,0.02726,0.04904,0.097935,0.11086,0.29786,0.2371675,0.1510099999999999,272.90664302,17.0
322,0.02726,0.04904,0.097935,0.11086,0.29786,0.2371675,0.1510099999999999,272.90664302,20.0
323,0.02726,0.04904,0.097935,0.11086,0.29786,0.2371675,0.1510099999999999,272.90664302,20.0
324,0.0332274999999999,0.0315775,0.1036,0.1468574999999999,0.33658,0.247205,0.2031224999999999,258.37322198,17.0
325,0.0332274999999999,0.0315775,0.1036,0.1468574999999999,0.33658,0.247205,0.2031224999999999,258.37322198,20.0
326,0.0332274999999999,0.0315775,0.1036,0.1468574999999999,0.33658,0.247205,0.2031224999999999,258.37322198,20.0
327,0.19974,0.199135,0.2294399999999999,0.2470675,0.4285125,0.2389,0.2085125,247.3022552,17.0
328,0.19974,0.199135,0.2294399999999999,0.2470675,0.4285125,0.2389,0.2085125,247.3022552,20.0
329,0.19974,0.199135,0.2294399999999999,0.2470675,0.4285125,0.2389,0.2085125,247.3022552,20.0
330,-0.0184725,-0.0054649999999999,0.0657875,0.044805,0.228945,0.1518074999999999,0.13682,260.2052807,17.0
331,-0.0184725,-0.0054649999999999,0.0657875,0.044805,0.228945,0.1518074999999999,0.13682,260.2052807,20.0
332,-0.0184725,-0.0054649999999999,0.0657875,0.044805,0.228945,0.1518074999999999,0.13682,260.2052807,20.0
333,-0.0043374999999999,-0.0060149999999999,0.1024999999999999,0.09447,0.3955125,0.2037,0.1659425,256.95132566,17.0
334,-0.0043374999999999,-0.0060149999999999,0.1024999999999999,0.09447,0.3955125,0.2037,0.1659425,256.95132566,20.0
335,-0.0043374999999999,-0.0060149999999999,0.1024999999999999,0.09447,0.3955125,0.2037,0.1659425,256.95132566,20.0
336,0.0082575,0.026875,0.065375,0.0749449999999999,0.19424,0.1297249999999999,0.0904275,274.08585992,17.0
337,0.0082575,0.026875,0.065375,0.0749449999999999,0.19424,0.1297249999999999,0.0904275,274.08585992,20.0
338,0.0082575,0.026875,0.065375,0.0749449999999999,0.19424,0.1297249999999999,0.0904275,274.08585992,20.0
339,0.0228049999999999,0.0466475,0.101785,0.11801,0.274155,0.2086775,0.14672,272.15467862,17.0
340,0.0228049999999999,0.0466475,0.101785,0.11801,0.274155,0.2086775,0.14672,272.15467862,20.0
341,0.0228049999999999,0.0466475,0.101785,0.11801,0.274155,0.2086775,0.14672,272.15467862,20.0
342,0.0197249999999999,0.0478575,0.1173225,0.1303849999999999,0.27454,0.211235,0.15475,264.61110848,17.0
343,0.0197249999999999,0.0478575,0.1173225,0.1303849999999999,0.27454,0.211235,0.15475,264.61110848,20.0
344,0.0197249999999999,0.0478575,0.1173225,0.1303849999999999,0.27454,0.211235,0.15475,264.61110848,20.0
345,0.179555,0.1723225,0.2240225,0.2338675,0.47463,0.250065,0.210905,247.81837622,17.0
346,0.179555,0.1723225,0.2240225,0.2338675,0.47463,0.250065,0.210905,247.81837622,20.0
347,0.179555,0.1723225,0.2240225,0.2338675,0.47463,0.250065,0.210905,247.81837622,20.0
348,-0.1343025,-0.11233,-0.0152549999999999,-0.0276575,0.2007574999999999,0.1515325,0.127855,261.48362018,17.0
349,-0.1343025,-0.11233,-0.0152549999999999,-0.0276575,0.2007574999999999,0.1515325,0.127855,261.48362018,20.0
350,-0.1343025,-0.11233,-0.0152549999999999,-0.0276575,0.2007574999999999,0.1515325,0.127855,261.48362018,20.0
351,0.0761,0.0719199999999999,0.1148474999999999,0.146995,0.3254975,0.2075775,0.17719,254.55187562,17.0
352,0.0761,0.0719199999999999,0.1148474999999999,0.146995,0.3254975,0.2075775,0.17719,254.55187562,20.0
353,0.0761,0.0719199999999999,0.1148474999999999,0.146995,0.3254975,0.2075775,0.17719,254.55187562,20.0
354,0.0161499999999999,0.0267924999999999,0.0535499999999999,0.0747525,0.20799,0.188795,0.11559,280.63136822,17.0
355,0.0161499999999999,0.0267924999999999,0.0535499999999999,0.0747525,0.20799,0.188795,0.11559,280.63136822,20.0
356,0.0161499999999999,0.0267924999999999,0.0535499999999999,0.0747525,0.20799,0.188795,0.11559,280.63136822,20.0
357,0.0146924999999999,0.0356475,0.08083,0.1009875,0.261615,0.2152775,0.1427875,271.99061366,17.0
358,0.0146924999999999,0.0356475,0.08083,0.1009875,0.261615,0.2152775,0.1427875,271.99061366,20.0
359,0.0146924999999999,0.0356475,0.08083,0.1009875,0.261615,0.2152775,0.1427875,271.99061366,20.0
360,0.01593,0.0436225,0.1020599999999999,0.1142699999999999,0.241595,0.21833,0.1477649999999999,269.15023904,17.0
361,0.01593,0.0436225,0.1020599999999999,0.1142699999999999,0.241595,0.21833,0.1477649999999999,269.15023904,20.0
362,0.01593,0.0436225,0.1020599999999999,0.1142699999999999,0.241595,0.21833,0.1477649999999999,269.15023904,20.0
363,0.1957525,0.1919024999999999,0.2321625,0.2597175,0.4730625,0.280865,0.229275,250.23491636,17.0
364,0.1957525,0.1919024999999999,0.2321625,0.2597175,0.4730625,0.280865,0.229275,250.23491636,20.0
365,0.1957525,0.1919024999999999,0.2321625,0.2597175,0.4730625,0.280865,0.229275,250.23491636,20.0
366,-0.0821625,-0.054415,0.0352349999999999,0.027315,0.2533925,0.1986125,0.1576374999999999,259.07391608,17.0
367,-0.0821625,-0.054415,0.0352349999999999,0.027315,0.2533925,0.1986125,0.1576374999999999,259.07391608,20.0
368,-0.0821625,-0.054415,0.0352349999999999,0.027315,0.2533925,0.1986125,0.1576374999999999,259.07391608,20.0
369,0.0231625,0.0260775,0.10019,0.12549,0.3762899999999999,0.22097,0.1796924999999999,254.73986672,17.0
370,0.0231625,0.0260775,0.10019,0.12549,0.3762899999999999,0.22097,0.1796924999999999,254.73986672,20.0
371,0.0231625,0.0260775,0.10019,0.12549,0.3762899999999999,0.22097,0.1796924999999999,254.73986672,20.0
372,-0.0091499999999999,0.0044349999999999,0.07676,0.0449974999999999,0.3013524999999999,0.1667124999999999,0.13462,261.95530694,17.0
373,-0.0091499999999999,0.0044349999999999,0.07676,0.0449974999999999,0.3013524999999999,0.1667124999999999,0.13462,261.95530694,20.0
374,-0.0091499999999999,0.0044349999999999,0.07676,0.0449974999999999,0.3013524999999999,0.1667124999999999,0.13462,261.95530694,20.0
375,0.93124,0.9358325,0.9022,0.898185,0.86172,0.58914,0.5124150000000001,261.30930116,10.0
376,0.93124,0.9358325,0.9022,0.898185,0.86172,0.58914,0.5124150000000001,261.30930116,14.0
377,0.93124,0.9358325,0.9022,0.898185,0.86172,0.58914,0.5124150000000001,261.30930116,17.0
378,0.02088,0.021815,0.04519,0.023905,0.3738425,0.1480675,0.0600125,300.99593138,10.0
379,0.02088,0.021815,0.04519,0.023905,0.3738425,0.1480675,0.0600125,300.99593138,14.0
380,0.02088,0.021815,0.04519,0.023905,0.3738425,0.1480675,0.0600125,300.99593138,17.0
381,0.5243774999999999,0.5410699999999999,0.5098575000000001,0.5329300000000001,0.5852900000000001,0.50268,0.4395675,261.6408491,20.0
382,0.5243774999999999,0.5410699999999999,0.5098575000000001,0.5329300000000001,0.5852900000000001,0.50268,0.4395675,261.6408491,21.0
383,0.5243774999999999,0.5410699999999999,0.5098575000000001,0.5329300000000001,0.5852900000000001,0.50268,0.4395675,261.6408491,23.0
384,0.1889875,0.1456474999999999,0.1101449999999999,0.112895,0.1848624999999999,0.199245,0.1752375,261.8117501,20.0
385,0.1889875,0.1456474999999999,0.1101449999999999,0.112895,0.1848624999999999,0.199245,0.1752375,261.8117501,21.0
386,0.1889875,0.1456474999999999,0.1101449999999999,0.112895,0.1848624999999999,0.199245,0.1752375,261.8117501,23.0
387,0.0226675,0.0246474999999999,0.0499199999999999,0.0309174999999999,0.3734025,0.1548875,0.0660625,302.64341702,20.0
388,0.0226675,0.0246474999999999,0.0499199999999999,0.0309174999999999,0.3734025,0.1548875,0.0660625,302.64341702,21.0
389,0.0226675,0.0246474999999999,0.0499199999999999,0.0309174999999999,0.3734025,0.1548875,0.0660625,302.64341702,23.0
